Name	Email	Date
John Doe	johndoe@example.com	9/15/24
Jane Smith	janesmith@example.com	9/16/24
Jane Smith	janesmith@example.com	9/17/24
Jane Smith	janesmith@example.com	9/18/24
Jane Smith	janesmith@example.com	9/19/24
Jane Smith	janesmith@example.com	9/20/24
Jane Smith	janesmith@example.com	9/21/24
Jane Smith	janesmith@example.com	9/22/24
Jane Smith	janesmith@example.com	9/23/24
Jane Smith	janesmith@example.com	9/24/24
Jane Smith	janesmith@example.com	9/25/24
Jane Smith	janesmith@example.com	9/26/24
Jane Smith	janesmith@example.com	9/27/24
Jane Smith	janesmith@example.com	9/28/24
Jane Smith	janesmith@example.com	9/29/24
Jane Smith	janesmith@example.com	9/30/24
Jane Smith	janesmith@example.com	10/1/24
Jane Smith	janesmith@example.com	10/2/24
Jane Smith	janesmith@example.com	10/3/24
Jane Smith	janesmith@example.com	10/4/24
Jane Smith	janesmith@example.com	10/5/24
Jane Smith	janesmith@example.com	10/6/24
Jane Smith	janesmith@example.com	10/7/24
Jane Smith	janesmith@example.com	10/8/24
Jane Smith	janesmith@example.com	10/9/24
Jane Smith	janesmith@example.com	10/10/24
Jane Smith	janesmith@example.com	10/11/24
Jane Smith	janesmith@example.com	10/12/24
Jane Smith	janesmith@example.com	10/13/24
Jane Smith	janesmith@example.com	10/14/24
Jane Smith	janesmith@example.com	10/15/24
Jane Smith	janesmith@example.com	10/16/24
Jane Smith	janesmith@example.com	10/17/24
Jane Smith	janesmith@example.com	10/18/24
Jane Smith	janesmith@example.com	10/19/24
Jane Smith	janesmith@example.com	10/20/24
Jane Smith	janesmith@example.com	10/21/24
Jane Smith	janesmith@example.com	10/22/24
Jane Smith	janesmith@example.com	10/23/24
Jane Smith	janesmith@example.com	10/24/24
Jane Smith	janesmith@example.com	10/25/24
Jane Smith	janesmith@example.com	10/26/24
Jane Smith	janesmith@example.com	10/27/24
Jane Smith	janesmith@example.com	10/28/24
Jane Smith	janesmith@example.com	10/29/24
Jane Smith	janesmith@example.com	10/30/24
Jane Smith	janesmith@example.com	10/31/24
Jane Smith	janesmith@example.com	11/1/24
Jane Smith	janesmith@example.com	11/2/24
Jane Smith	janesmith@example.com	11/3/24
Jane Smith	janesmith@example.com	11/4/24
Jane Smith	janesmith@example.com	11/5/24
Jane Smith	janesmith@example.com	11/6/24
Jane Smith	janesmith@example.com	11/7/24
Jane Smith	janesmith@example.com	11/8/24
Jane Smith	janesmith@example.com	11/9/24
Jane Smith	janesmith@example.com	11/10/24
Jane Smith	janesmith@example.com	11/11/24
Jane Smith	janesmith@example.com	11/12/24
Jane Smith	janesmith@example.com	11/13/24
Jane Smith	janesmith@example.com	11/14/24
Jane Smith	janesmith@example.com	11/15/24
Jane Smith	janesmith@example.com	11/16/24
Jane Smith	janesmith@example.com	11/17/24
Jane Smith	janesmith@example.com	11/18/24
Jane Smith	janesmith@example.com	11/19/24
Jane Smith	janesmith@example.com	11/20/24
Jane Smith	janesmith@example.com	11/21/24
Jane Smith	janesmith@example.com	11/22/24
Jane Smith	janesmith@example.com	11/23/24
Jane Smith	janesmith@example.com	11/24/24
Jane Smith	janesmith@example.com	11/25/24
Jane Smith	janesmith@example.com	11/26/24
Jane Smith	janesmith@example.com	11/27/24
Jane Smith	janesmith@example.com	11/28/24
Jane Smith	janesmith@example.com	11/29/24
Jane Smith	janesmith@example.com	11/30/24
Jane Smith	janesmith@example.com	12/1/24
Jane Smith	janesmith@example.com	12/2/24
Jane Smith	janesmith@example.com	12/3/24
Jane Smith	janesmith@example.com	12/4/24
Jane Smith	janesmith@example.com	12/5/24
Jane Smith	janesmith@example.com	12/6/24
Jane Smith	janesmith@example.com	12/7/24
Jane Smith	janesmith@example.com	12/8/24
Jane Smith	janesmith@example.com	12/9/24
Jane Smith	janesmith@example.com	12/10/24
Jane Smith	janesmith@example.com	12/11/24
Jane Smith	janesmith@example.com	12/12/24
Jane Smith	janesmith@example.com	12/13/24
Jane Smith	janesmith@example.com	12/14/24
Jane Smith	janesmith@example.com	12/15/24
Jane Smith	janesmith@example.com	12/16/24
Jane Smith	janesmith@example.com	12/17/24
Jane Smith	janesmith@example.com	12/18/24
Jane Smith	janesmith@example.com	12/19/24
Jane Smith	janesmith@example.com	12/20/24
Jane Smith	janesmith@example.com	12/21/24
Jane Smith	janesmith@example.com	12/22/24
Jane Smith	janesmith@example.com	12/23/24
Jane Smith	janesmith@example.com	12/24/24
Jane Smith	janesmith@example.com	12/25/24
Jane Smith	janesmith@example.com	12/26/24
Jane Smith	janesmith@example.com	12/27/24
Jane Smith	janesmith@example.com	12/28/24
Jane Smith	janesmith@example.com	12/29/24
Jane Smith	janesmith@example.com	12/30/24
Jane Smith	janesmith@example.com	12/31/24
Jane Smith	janesmith@example.com	1/1/25
Jane Smith	janesmith@example.com	1/2/25
Jane Smith	janesmith@example.com	1/3/25
Jane Smith	janesmith@example.com	1/4/25
Jane Smith	janesmith@example.com	1/5/25
Jane Smith	janesmith@example.com	1/6/25
Jane Smith	janesmith@example.com	1/7/25
Jane Smith	janesmith@example.com	1/8/25
Jane Smith	janesmith@example.com	1/9/25
Jane Smith	janesmith@example.com	1/10/25
Jane Smith	janesmith@example.com	1/11/25
Jane Smith	janesmith@example.com	1/12/25
Jane Smith	janesmith@example.com	1/13/25
Jane Smith	janesmith@example.com	1/14/25
Jane Smith	janesmith@example.com	1/15/25
Jane Smith	janesmith@example.com	1/16/25
Jane Smith	janesmith@example.com	1/17/25
Jane Smith	janesmith@example.com	1/18/25
Jane Smith	janesmith@example.com	1/19/25
Jane Smith	janesmith@example.com	1/20/25
Jane Smith	janesmith@example.com	1/21/25
Jane Smith	janesmith@example.com	1/22/25
Jane Smith	janesmith@example.com	1/23/25
Jane Smith	janesmith@example.com	1/24/25
Jane Smith	janesmith@example.com	1/25/25
Jane Smith	janesmith@example.com	1/26/25
Jane Smith	janesmith@example.com	1/27/25
Jane Smith	janesmith@example.com	1/28/25
Jane Smith	janesmith@example.com	1/29/25
Jane Smith	janesmith@example.com	1/30/25
Jane Smith	janesmith@example.com	1/31/25
Jane Smith	janesmith@example.com	2/1/25
Jane Smith	janesmith@example.com	2/2/25
Jane Smith	janesmith@example.com	2/3/25
Jane Smith	janesmith@example.com	2/4/25
Jane Smith	janesmith@example.com	2/5/25
Jane Smith	janesmith@example.com	2/6/25
Jane Smith	janesmith@example.com	2/7/25
Jane Smith	janesmith@example.com	2/8/25
Jane Smith	janesmith@example.com	2/9/25
Jane Smith	janesmith@example.com	2/10/25
Jane Smith	janesmith@example.com	2/11/25
Jane Smith	janesmith@example.com	2/12/25
Jane Smith	janesmith@example.com	2/13/25
Jane Smith	janesmith@example.com	2/14/25
Jane Smith	janesmith@example.com	2/15/25
Jane Smith	janesmith@example.com	2/16/25
Jane Smith	janesmith@example.com	2/17/25
Jane Smith	janesmith@example.com	2/18/25
Jane Smith	janesmith@example.com	2/19/25
Jane Smith	janesmith@example.com	2/20/25
Jane Smith	janesmith@example.com	2/21/25
Jane Smith	janesmith@example.com	2/22/25
Jane Smith	janesmith@example.com	2/23/25
Jane Smith	janesmith@example.com	2/24/25
Jane Smith	janesmith@example.com	2/25/25
Jane Smith	janesmith@example.com	2/26/25
Jane Smith	janesmith@example.com	2/27/25
Jane Smith	janesmith@example.com	2/28/25
Jane Smith	janesmith@example.com	3/1/25
Jane Smith	janesmith@example.com	3/2/25
Jane Smith	janesmith@example.com	3/3/25
Jane Smith	janesmith@example.com	3/4/25
Jane Smith	janesmith@example.com	3/5/25
Jane Smith	janesmith@example.com	3/6/25
Jane Smith	janesmith@example.com	3/7/25
Jane Smith	janesmith@example.com	3/8/25
Jane Smith	janesmith@example.com	3/9/25
Jane Smith	janesmith@example.com	3/10/25
Jane Smith	janesmith@example.com	3/11/25
Jane Smith	janesmith@example.com	3/12/25
Jane Smith	janesmith@example.com	3/13/25
Jane Smith	janesmith@example.com	3/14/25
Jane Smith	janesmith@example.com	3/15/25
Jane Smith	janesmith@example.com	3/16/25
Jane Smith	janesmith@example.com	3/17/25
Jane Smith	janesmith@example.com	3/18/25
Jane Smith	janesmith@example.com	3/19/25
Jane Smith	janesmith@example.com	3/20/25
Jane Smith	janesmith@example.com	3/21/25
Jane Smith	janesmith@example.com	3/22/25
Jane Smith	janesmith@example.com	3/23/25
Jane Smith	janesmith@example.com	3/24/25
Jane Smith	janesmith@example.com	3/25/25
Jane Smith	janesmith@example.com	3/26/25
Jane Smith	janesmith@example.com	3/27/25
Jane Smith	janesmith@example.com	3/28/25
Jane Smith	janesmith@example.com	3/29/25
Jane Smith	janesmith@example.com	3/30/25
Jane Smith	janesmith@example.com	3/31/25
Jane Smith	janesmith@example.com	4/1/25
Jane Smith	janesmith@example.com	4/2/25
Jane Smith	janesmith@example.com	4/3/25
Jane Smith	janesmith@example.com	4/4/25
Jane Smith	janesmith@example.com	4/5/25
Jane Smith	janesmith@example.com	4/6/25
Jane Smith	janesmith@example.com	4/7/25
Jane Smith	janesmith@example.com	4/8/25
Jane Smith	janesmith@example.com	4/9/25
Jane Smith	janesmith@example.com	4/10/25
Jane Smith	janesmith@example.com	4/11/25
Jane Smith	janesmith@example.com	4/12/25
Jane Smith	janesmith@example.com	4/13/25
Jane Smith	janesmith@example.com	4/14/25
Jane Smith	janesmith@example.com	4/15/25
Jane Smith	janesmith@example.com	4/16/25
Jane Smith	janesmith@example.com	4/17/25
Jane Smith	janesmith@example.com	4/18/25
Jane Smith	janesmith@example.com	4/19/25
Jane Smith	janesmith@example.com	4/20/25
Jane Smith	janesmith@example.com	4/21/25
Jane Smith	janesmith@example.com	4/22/25
Jane Smith	janesmith@example.com	4/23/25
Jane Smith	janesmith@example.com	4/24/25
Jane Smith	janesmith@example.com	4/25/25
Jane Smith	janesmith@example.com	4/26/25
Jane Smith	janesmith@example.com	4/27/25
Jane Smith	janesmith@example.com	4/28/25
Jane Smith	janesmith@example.com	4/29/25
Jane Smith	janesmith@example.com	4/30/25
Jane Smith	janesmith@example.com	5/1/25
Jane Smith	janesmith@example.com	5/2/25
Jane Smith	janesmith@example.com	5/3/25
Jane Smith	janesmith@example.com	5/4/25
Jane Smith	janesmith@example.com	5/5/25
Jane Smith	janesmith@example.com	5/6/25
Jane Smith	janesmith@example.com	5/7/25
Jane Smith	janesmith@example.com	5/8/25
Jane Smith	janesmith@example.com	5/9/25
Jane Smith	janesmith@example.com	5/10/25
Jane Smith	janesmith@example.com	5/11/25
Jane Smith	janesmith@example.com	5/12/25
Jane Smith	janesmith@example.com	5/13/25
Jane Smith	janesmith@example.com	5/14/25
Jane Smith	janesmith@example.com	5/15/25
Jane Smith	janesmith@example.com	5/16/25
Jane Smith	janesmith@example.com	5/17/25
Jane Smith	janesmith@example.com	5/18/25
Jane Smith	janesmith@example.com	5/19/25
Jane Smith	janesmith@example.com	5/20/25
Jane Smith	janesmith@example.com	5/21/25
Jane Smith	janesmith@example.com	5/22/25
Jane Smith	janesmith@example.com	5/23/25
Jane Smith	janesmith@example.com	5/24/25
Jane Smith	janesmith@example.com	5/25/25
Jane Smith	janesmith@example.com	5/26/25
Jane Smith	janesmith@example.com	5/27/25
Jane Smith	janesmith@example.com	5/28/25
Jane Smith	janesmith@example.com	5/29/25
Jane Smith	janesmith@example.com	5/30/25
Jane Smith	janesmith@example.com	5/31/25
Jane Smith	janesmith@example.com	6/1/25
Jane Smith	janesmith@example.com	6/2/25
Jane Smith	janesmith@example.com	6/3/25
Jane Smith	janesmith@example.com	6/4/25
Jane Smith	janesmith@example.com	6/5/25
Jane Smith	janesmith@example.com	6/6/25
Jane Smith	janesmith@example.com	6/7/25
Jane Smith	janesmith@example.com	6/8/25
Jane Smith	janesmith@example.com	6/9/25
Jane Smith	janesmith@example.com	6/10/25
Jane Smith	janesmith@example.com	6/11/25
Jane Smith	janesmith@example.com	6/12/25
Jane Smith	janesmith@example.com	6/13/25
Jane Smith	janesmith@example.com	6/14/25
Jane Smith	janesmith@example.com	6/15/25
Jane Smith	janesmith@example.com	6/16/25
Jane Smith	janesmith@example.com	6/17/25
Jane Smith	janesmith@example.com	6/18/25
Jane Smith	janesmith@example.com	6/19/25
Jane Smith	janesmith@example.com	6/20/25
Jane Smith	janesmith@example.com	6/21/25
Jane Smith	janesmith@example.com	6/22/25
Jane Smith	janesmith@example.com	6/23/25
Jane Smith	janesmith@example.com	6/24/25
Jane Smith	janesmith@example.com	6/25/25
Jane Smith	janesmith@example.com	6/26/25
Jane Smith	janesmith@example.com	6/27/25
Jane Smith	janesmith@example.com	6/28/25
Jane Smith	janesmith@example.com	6/29/25
Jane Smith	janesmith@example.com	6/30/25
Jane Smith	janesmith@example.com	7/1/25
Jane Smith	janesmith@example.com	7/2/25
Jane Smith	janesmith@example.com	7/3/25
Jane Smith	janesmith@example.com	7/4/25
Jane Smith	janesmith@example.com	7/5/25
Jane Smith	janesmith@example.com	7/6/25
Jane Smith	janesmith@example.com	7/7/25
Jane Smith	janesmith@example.com	7/8/25
Jane Smith	janesmith@example.com	7/9/25
Jane Smith	janesmith@example.com	7/10/25
Jane Smith	janesmith@example.com	7/11/25
Jane Smith	janesmith@example.com	7/12/25
Jane Smith	janesmith@example.com	7/13/25
Jane Smith	janesmith@example.com	7/14/25
Jane Smith	janesmith@example.com	7/15/25
Jane Smith	janesmith@example.com	7/16/25
Jane Smith	janesmith@example.com	7/17/25
Jane Smith	janesmith@example.com	7/18/25
Jane Smith	janesmith@example.com	7/19/25
Jane Smith	janesmith@example.com	7/20/25
Jane Smith	janesmith@example.com	7/21/25
Jane Smith	janesmith@example.com	7/22/25
Jane Smith	janesmith@example.com	7/23/25
Jane Smith	janesmith@example.com	7/24/25
Jane Smith	janesmith@example.com	7/25/25
Jane Smith	janesmith@example.com	7/26/25
Jane Smith	janesmith@example.com	7/27/25
Jane Smith	janesmith@example.com	7/28/25
Jane Smith	janesmith@example.com	7/29/25
Jane Smith	janesmith@example.com	7/30/25
Jane Smith	janesmith@example.com	7/31/25
Jane Smith	janesmith@example.com	8/1/25
Jane Smith	janesmith@example.com	8/2/25
Jane Smith	janesmith@example.com	8/3/25
Jane Smith	janesmith@example.com	8/4/25
Jane Smith	janesmith@example.com	8/5/25
Jane Smith	janesmith@example.com	8/6/25
Jane Smith	janesmith@example.com	8/7/25
Jane Smith	janesmith@example.com	8/8/25
Jane Smith	janesmith@example.com	8/9/25
Jane Smith	janesmith@example.com	8/10/25
Jane Smith	janesmith@example.com	8/11/25
Jane Smith	janesmith@example.com	8/12/25
Jane Smith	janesmith@example.com	8/13/25
Jane Smith	janesmith@example.com	8/14/25
Jane Smith	janesmith@example.com	8/15/25
Jane Smith	janesmith@example.com	8/16/25
Jane Smith	janesmith@example.com	8/17/25
Jane Smith	janesmith@example.com	8/18/25
Jane Smith	janesmith@example.com	8/19/25
Jane Smith	janesmith@example.com	8/20/25
Jane Smith	janesmith@example.com	8/21/25
Jane Smith	janesmith@example.com	8/22/25
Jane Smith	janesmith@example.com	8/23/25
Jane Smith	janesmith@example.com	8/24/25
Jane Smith	janesmith@example.com	8/25/25
Jane Smith	janesmith@example.com	8/26/25
Jane Smith	janesmith@example.com	8/27/25
Jane Smith	janesmith@example.com	8/28/25
Jane Smith	janesmith@example.com	8/29/25
Jane Smith	janesmith@example.com	8/30/25
Jane Smith	janesmith@example.com	8/31/25
Jane Smith	janesmith@example.com	9/1/25
Jane Smith	janesmith@example.com	9/2/25
Jane Smith	janesmith@example.com	9/3/25
Jane Smith	janesmith@example.com	9/4/25
Jane Smith	janesmith@example.com	9/5/25
Jane Smith	janesmith@example.com	9/6/25
Jane Smith	janesmith@example.com	9/7/25
Jane Smith	janesmith@example.com	9/8/25
Jane Smith	janesmith@example.com	9/9/25
Jane Smith	janesmith@example.com	9/10/25
Jane Smith	janesmith@example.com	9/11/25
Jane Smith	janesmith@example.com	9/12/25
Jane Smith	janesmith@example.com	9/13/25
Jane Smith	janesmith@example.com	9/14/25
Jane Smith	janesmith@example.com	9/15/25
Jane Smith	janesmith@example.com	9/16/25
Jane Smith	janesmith@example.com	9/17/25
Jane Smith	janesmith@example.com	9/18/25
Jane Smith	janesmith@example.com	9/19/25
Jane Smith	janesmith@example.com	9/20/25
Jane Smith	janesmith@example.com	9/21/25
Jane Smith	janesmith@example.com	9/22/25
Jane Smith	janesmith@example.com	9/23/25
Jane Smith	janesmith@example.com	9/24/25
Jane Smith	janesmith@example.com	9/25/25
Jane Smith	janesmith@example.com	9/26/25
Jane Smith	janesmith@example.com	9/27/25
Jane Smith	janesmith@example.com	9/28/25
Jane Smith	janesmith@example.com	9/29/25
Jane Smith	janesmith@example.com	9/30/25
Jane Smith	janesmith@example.com	10/1/25
Jane Smith	janesmith@example.com	10/2/25
Jane Smith	janesmith@example.com	10/3/25
Jane Smith	janesmith@example.com	10/4/25
Jane Smith	janesmith@example.com	10/5/25
Jane Smith	janesmith@example.com	10/6/25
Jane Smith	janesmith@example.com	10/7/25
Jane Smith	janesmith@example.com	10/8/25
Jane Smith	janesmith@example.com	10/9/25
Jane Smith	janesmith@example.com	10/10/25
Jane Smith	janesmith@example.com	10/11/25
Jane Smith	janesmith@example.com	10/12/25
Jane Smith	janesmith@example.com	10/13/25
Jane Smith	janesmith@example.com	10/14/25
Jane Smith	janesmith@example.com	10/15/25
Jane Smith	janesmith@example.com	10/16/25
Jane Smith	janesmith@example.com	10/17/25
Jane Smith	janesmith@example.com	10/18/25
Jane Smith	janesmith@example.com	10/19/25
Jane Smith	janesmith@example.com	10/20/25
Jane Smith	janesmith@example.com	10/21/25
Jane Smith	janesmith@example.com	10/22/25
Jane Smith	janesmith@example.com	10/23/25
Jane Smith	janesmith@example.com	10/24/25
Jane Smith	janesmith@example.com	10/25/25
Jane Smith	janesmith@example.com	10/26/25
Jane Smith	janesmith@example.com	10/27/25
Jane Smith	janesmith@example.com	10/28/25
Jane Smith	janesmith@example.com	10/29/25
Jane Smith	janesmith@example.com	10/30/25
Jane Smith	janesmith@example.com	10/31/25
Jane Smith	janesmith@example.com	11/1/25
Jane Smith	janesmith@example.com	11/2/25
Jane Smith	janesmith@example.com	11/3/25
Jane Smith	janesmith@example.com	11/4/25
Jane Smith	janesmith@example.com	11/5/25
Jane Smith	janesmith@example.com	11/6/25
Jane Smith	janesmith@example.com	11/7/25
Jane Smith	janesmith@example.com	11/8/25
Jane Smith	janesmith@example.com	11/9/25
Jane Smith	janesmith@example.com	11/10/25
Jane Smith	janesmith@example.com	11/11/25
Jane Smith	janesmith@example.com	11/12/25
Jane Smith	janesmith@example.com	11/13/25
Jane Smith	janesmith@example.com	11/14/25
Jane Smith	janesmith@example.com	11/15/25
Jane Smith	janesmith@example.com	11/16/25
Jane Smith	janesmith@example.com	11/17/25
Jane Smith	janesmith@example.com	11/18/25
Jane Smith	janesmith@example.com	11/19/25
Jane Smith	janesmith@example.com	11/20/25
Jane Smith	janesmith@example.com	11/21/25
Jane Smith	janesmith@example.com	11/22/25
Jane Smith	janesmith@example.com	11/23/25
Jane Smith	janesmith@example.com	11/24/25
Jane Smith	janesmith@example.com	11/25/25
Jane Smith	janesmith@example.com	11/26/25
Jane Smith	janesmith@example.com	11/27/25
Jane Smith	janesmith@example.com	11/28/25
Jane Smith	janesmith@example.com	11/29/25
Jane Smith	janesmith@example.com	11/30/25
Jane Smith	janesmith@example.com	12/1/25
Jane Smith	janesmith@example.com	12/2/25
Jane Smith	janesmith@example.com	12/3/25
Jane Smith	janesmith@example.com	12/4/25
Jane Smith	janesmith@example.com	12/5/25
Jane Smith	janesmith@example.com	12/6/25
Jane Smith	janesmith@example.com	12/7/25
Jane Smith	janesmith@example.com	12/8/25
Jane Smith	janesmith@example.com	12/9/25
Jane Smith	janesmith@example.com	12/10/25
Jane Smith	janesmith@example.com	12/11/25
Jane Smith	janesmith@example.com	12/12/25
Jane Smith	janesmith@example.com	12/13/25
Jane Smith	janesmith@example.com	12/14/25
Jane Smith	janesmith@example.com	12/15/25
Jane Smith	janesmith@example.com	12/16/25
Jane Smith	janesmith@example.com	12/17/25
Jane Smith	janesmith@example.com	12/18/25
Jane Smith	janesmith@example.com	12/19/25
Jane Smith	janesmith@example.com	12/20/25
Jane Smith	janesmith@example.com	12/21/25
Jane Smith	janesmith@example.com	12/22/25
Jane Smith	janesmith@example.com	12/23/25
Jane Smith	janesmith@example.com	12/24/25
Jane Smith	janesmith@example.com	12/25/25
Jane Smith	janesmith@example.com	12/26/25
Jane Smith	janesmith@example.com	12/27/25
Jane Smith	janesmith@example.com	12/28/25
Jane Smith	janesmith@example.com	12/29/25
Jane Smith	janesmith@example.com	12/30/25
Jane Smith	janesmith@example.com	12/31/25
Jane Smith	janesmith@example.com	1/1/26
Jane Smith	janesmith@example.com	1/2/26
Jane Smith	janesmith@example.com	1/3/26
Jane Smith	janesmith@example.com	1/4/26
Jane Smith	janesmith@example.com	1/5/26
Jane Smith	janesmith@example.com	1/6/26
Jane Smith	janesmith@example.com	1/7/26
Jane Smith	janesmith@example.com	1/8/26
Jane Smith	janesmith@example.com	1/9/26
Jane Smith	janesmith@example.com	1/10/26
Jane Smith	janesmith@example.com	1/11/26
Jane Smith	janesmith@example.com	1/12/26
Jane Smith	janesmith@example.com	1/13/26
Jane Smith	janesmith@example.com	1/14/26
Jane Smith	janesmith@example.com	1/15/26
Jane Smith	janesmith@example.com	1/16/26
Jane Smith	janesmith@example.com	1/17/26
Jane Smith	janesmith@example.com	1/18/26
Jane Smith	janesmith@example.com	1/19/26
Jane Smith	janesmith@example.com	1/20/26
Jane Smith	janesmith@example.com	1/21/26
Jane Smith	janesmith@example.com	1/22/26
Jane Smith	janesmith@example.com	1/23/26
Jane Smith	janesmith@example.com	1/24/26
Jane Smith	janesmith@example.com	1/25/26
Jane Smith	janesmith@example.com	1/26/26
Jane Smith	janesmith@example.com	1/27/26
Jane Smith	janesmith@example.com	1/28/26
Jane Smith	janesmith@example.com	1/29/26
Jane Smith	janesmith@example.com	1/30/26
Jane Smith	janesmith@example.com	1/31/26
Jane Smith	janesmith@example.com	2/1/26
Jane Smith	janesmith@example.com	2/2/26
Jane Smith	janesmith@example.com	2/3/26
Jane Smith	janesmith@example.com	2/4/26
Jane Smith	janesmith@example.com	2/5/26
Jane Smith	janesmith@example.com	2/6/26
Jane Smith	janesmith@example.com	2/7/26
Jane Smith	janesmith@example.com	2/8/26
Jane Smith	janesmith@example.com	2/9/26
Jane Smith	janesmith@example.com	2/10/26
Jane Smith	janesmith@example.com	2/11/26
Jane Smith	janesmith@example.com	2/12/26
Jane Smith	janesmith@example.com	2/13/26
Jane Smith	janesmith@example.com	2/14/26
Jane Smith	janesmith@example.com	2/15/26
Jane Smith	janesmith@example.com	2/16/26
Jane Smith	janesmith@example.com	2/17/26
Jane Smith	janesmith@example.com	2/18/26
Jane Smith	janesmith@example.com	2/19/26
Jane Smith	janesmith@example.com	2/20/26
Jane Smith	janesmith@example.com	2/21/26
Jane Smith	janesmith@example.com	2/22/26
Jane Smith	janesmith@example.com	2/23/26
Jane Smith	janesmith@example.com	2/24/26
Jane Smith	janesmith@example.com	2/25/26
Jane Smith	janesmith@example.com	2/26/26
Jane Smith	janesmith@example.com	2/27/26
Jane Smith	janesmith@example.com	2/28/26
Jane Smith	janesmith@example.com	3/1/26
Jane Smith	janesmith@example.com	3/2/26
Jane Smith	janesmith@example.com	3/3/26
Jane Smith	janesmith@example.com	3/4/26
Jane Smith	janesmith@example.com	3/5/26
Jane Smith	janesmith@example.com	3/6/26
Jane Smith	janesmith@example.com	3/7/26
Jane Smith	janesmith@example.com	3/8/26
Jane Smith	janesmith@example.com	3/9/26
Jane Smith	janesmith@example.com	3/10/26
Jane Smith	janesmith@example.com	3/11/26
Jane Smith	janesmith@example.com	3/12/26
Jane Smith	janesmith@example.com	3/13/26
Jane Smith	janesmith@example.com	3/14/26
Jane Smith	janesmith@example.com	3/15/26
Jane Smith	janesmith@example.com	3/16/26
Jane Smith	janesmith@example.com	3/17/26
Jane Smith	janesmith@example.com	3/18/26
Jane Smith	janesmith@example.com	3/19/26
Jane Smith	janesmith@example.com	3/20/26
Jane Smith	janesmith@example.com	3/21/26
Jane Smith	janesmith@example.com	3/22/26
Jane Smith	janesmith@example.com	3/23/26
Jane Smith	janesmith@example.com	3/24/26
Jane Smith	janesmith@example.com	3/25/26
Jane Smith	janesmith@example.com	3/26/26
Jane Smith	janesmith@example.com	3/27/26
Jane Smith	janesmith@example.com	3/28/26
Jane Smith	janesmith@example.com	3/29/26
Jane Smith	janesmith@example.com	3/30/26
Jane Smith	janesmith@example.com	3/31/26
Jane Smith	janesmith@example.com	4/1/26
Jane Smith	janesmith@example.com	4/2/26
Jane Smith	janesmith@example.com	4/3/26
Jane Smith	janesmith@example.com	4/4/26
Jane Smith	janesmith@example.com	4/5/26
Jane Smith	janesmith@example.com	4/6/26
Jane Smith	janesmith@example.com	4/7/26
Jane Smith	janesmith@example.com	4/8/26
Jane Smith	janesmith@example.com	4/9/26
Jane Smith	janesmith@example.com	4/10/26
Jane Smith	janesmith@example.com	4/11/26
Jane Smith	janesmith@example.com	4/12/26
Jane Smith	janesmith@example.com	4/13/26
Jane Smith	janesmith@example.com	4/14/26
Jane Smith	janesmith@example.com	4/15/26
Jane Smith	janesmith@example.com	4/16/26
Jane Smith	janesmith@example.com	4/17/26
Jane Smith	janesmith@example.com	4/18/26
Jane Smith	janesmith@example.com	4/19/26
Jane Smith	janesmith@example.com	4/20/26
Jane Smith	janesmith@example.com	4/21/26
Jane Smith	janesmith@example.com	4/22/26
Jane Smith	janesmith@example.com	4/23/26
Jane Smith	janesmith@example.com	4/24/26
Jane Smith	janesmith@example.com	4/25/26
Jane Smith	janesmith@example.com	4/26/26
Jane Smith	janesmith@example.com	4/27/26
Jane Smith	janesmith@example.com	4/28/26
Jane Smith	janesmith@example.com	4/29/26
Jane Smith	janesmith@example.com	4/30/26
Jane Smith	janesmith@example.com	5/1/26
Jane Smith	janesmith@example.com	5/2/26
Jane Smith	janesmith@example.com	5/3/26
Jane Smith	janesmith@example.com	5/4/26
Jane Smith	janesmith@example.com	5/5/26
Jane Smith	janesmith@example.com	5/6/26
Jane Smith	janesmith@example.com	5/7/26
Jane Smith	janesmith@example.com	5/8/26
Jane Smith	janesmith@example.com	5/9/26
Jane Smith	janesmith@example.com	5/10/26
Jane Smith	janesmith@example.com	5/11/26
Jane Smith	janesmith@example.com	5/12/26
Jane Smith	janesmith@example.com	5/13/26
Jane Smith	janesmith@example.com	5/14/26
Jane Smith	janesmith@example.com	5/15/26
Jane Smith	janesmith@example.com	5/16/26
Jane Smith	janesmith@example.com	5/17/26
Jane Smith	janesmith@example.com	5/18/26
Jane Smith	janesmith@example.com	5/19/26
Jane Smith	janesmith@example.com	5/20/26
Jane Smith	janesmith@example.com	5/21/26
Jane Smith	janesmith@example.com	5/22/26
Jane Smith	janesmith@example.com	5/23/26
Jane Smith	janesmith@example.com	5/24/26
Jane Smith	janesmith@example.com	5/25/26
Jane Smith	janesmith@example.com	5/26/26
Jane Smith	janesmith@example.com	5/27/26
Jane Smith	janesmith@example.com	5/28/26
Jane Smith	janesmith@example.com	5/29/26
Jane Smith	janesmith@example.com	5/30/26
Jane Smith	janesmith@example.com	5/31/26
Jane Smith	janesmith@example.com	6/1/26
Jane Smith	janesmith@example.com	6/2/26
Jane Smith	janesmith@example.com	6/3/26
Jane Smith	janesmith@example.com	6/4/26
Jane Smith	janesmith@example.com	6/5/26
Jane Smith	janesmith@example.com	6/6/26
Jane Smith	janesmith@example.com	6/7/26
Jane Smith	janesmith@example.com	6/8/26
Jane Smith	janesmith@example.com	6/9/26
Jane Smith	janesmith@example.com	6/10/26
Jane Smith	janesmith@example.com	6/11/26
Jane Smith	janesmith@example.com	6/12/26
Jane Smith	janesmith@example.com	6/13/26
Jane Smith	janesmith@example.com	6/14/26
Jane Smith	janesmith@example.com	6/15/26
Jane Smith	janesmith@example.com	6/16/26
Jane Smith	janesmith@example.com	6/17/26
Jane Smith	janesmith@example.com	6/18/26
Jane Smith	janesmith@example.com	6/19/26
Jane Smith	janesmith@example.com	6/20/26
Jane Smith	janesmith@example.com	6/21/26
Jane Smith	janesmith@example.com	6/22/26
Jane Smith	janesmith@example.com	6/23/26
Jane Smith	janesmith@example.com	6/24/26
Jane Smith	janesmith@example.com	6/25/26
Jane Smith	janesmith@example.com	6/26/26
Jane Smith	janesmith@example.com	6/27/26
Jane Smith	janesmith@example.com	6/28/26
Jane Smith	janesmith@example.com	6/29/26
Jane Smith	janesmith@example.com	6/30/26
Jane Smith	janesmith@example.com	7/1/26
Jane Smith	janesmith@example.com	7/2/26
Jane Smith	janesmith@example.com	7/3/26
Jane Smith	janesmith@example.com	7/4/26
Jane Smith	janesmith@example.com	7/5/26
Jane Smith	janesmith@example.com	7/6/26
Jane Smith	janesmith@example.com	7/7/26
Jane Smith	janesmith@example.com	7/8/26
Jane Smith	janesmith@example.com	7/9/26
Jane Smith	janesmith@example.com	7/10/26
Jane Smith	janesmith@example.com	7/11/26
Jane Smith	janesmith@example.com	7/12/26
Jane Smith	janesmith@example.com	7/13/26
Jane Smith	janesmith@example.com	7/14/26
Jane Smith	janesmith@example.com	7/15/26
Jane Smith	janesmith@example.com	7/16/26
Jane Smith	janesmith@example.com	7/17/26
Jane Smith	janesmith@example.com	7/18/26
Jane Smith	janesmith@example.com	7/19/26
Jane Smith	janesmith@example.com	7/20/26
Jane Smith	janesmith@example.com	7/21/26
Jane Smith	janesmith@example.com	7/22/26
Jane Smith	janesmith@example.com	7/23/26
Jane Smith	janesmith@example.com	7/24/26
Jane Smith	janesmith@example.com	7/25/26
Jane Smith	janesmith@example.com	7/26/26
Jane Smith	janesmith@example.com	7/27/26
Jane Smith	janesmith@example.com	7/28/26
Jane Smith	janesmith@example.com	7/29/26
Jane Smith	janesmith@example.com	7/30/26
Jane Smith	janesmith@example.com	7/31/26
Jane Smith	janesmith@example.com	8/1/26
Jane Smith	janesmith@example.com	8/2/26
Jane Smith	janesmith@example.com	8/3/26
Jane Smith	janesmith@example.com	8/4/26
Jane Smith	janesmith@example.com	8/5/26
Jane Smith	janesmith@example.com	8/6/26
Jane Smith	janesmith@example.com	8/7/26
Jane Smith	janesmith@example.com	8/8/26
Jane Smith	janesmith@example.com	8/9/26
Jane Smith	janesmith@example.com	8/10/26
Jane Smith	janesmith@example.com	8/11/26
Jane Smith	janesmith@example.com	8/12/26
Jane Smith	janesmith@example.com	8/13/26
Jane Smith	janesmith@example.com	8/14/26
Jane Smith	janesmith@example.com	8/15/26
Jane Smith	janesmith@example.com	8/16/26
Jane Smith	janesmith@example.com	8/17/26
Jane Smith	janesmith@example.com	8/18/26
Jane Smith	janesmith@example.com	8/19/26
Jane Smith	janesmith@example.com	8/20/26
Jane Smith	janesmith@example.com	8/21/26
Jane Smith	janesmith@example.com	8/22/26
Jane Smith	janesmith@example.com	8/23/26
Jane Smith	janesmith@example.com	8/24/26
Jane Smith	janesmith@example.com	8/25/26
Jane Smith	janesmith@example.com	8/26/26
Jane Smith	janesmith@example.com	8/27/26
Jane Smith	janesmith@example.com	8/28/26
Jane Smith	janesmith@example.com	8/29/26
Jane Smith	janesmith@example.com	8/30/26
Jane Smith	janesmith@example.com	8/31/26
Jane Smith	janesmith@example.com	9/1/26
Jane Smith	janesmith@example.com	9/2/26
Jane Smith	janesmith@example.com	9/3/26
Jane Smith	janesmith@example.com	9/4/26
Jane Smith	janesmith@example.com	9/5/26
Jane Smith	janesmith@example.com	9/6/26
Jane Smith	janesmith@example.com	9/7/26
Jane Smith	janesmith@example.com	9/8/26
Jane Smith	janesmith@example.com	9/9/26
Jane Smith	janesmith@example.com	9/10/26
Jane Smith	janesmith@example.com	9/11/26
Jane Smith	janesmith@example.com	9/12/26
Jane Smith	janesmith@example.com	9/13/26
Jane Smith	janesmith@example.com	9/14/26
Jane Smith	janesmith@example.com	9/15/26
Jane Smith	janesmith@example.com	9/16/26
Jane Smith	janesmith@example.com	9/17/26
Jane Smith	janesmith@example.com	9/18/26
Jane Smith	janesmith@example.com	9/19/26
Jane Smith	janesmith@example.com	9/20/26
Jane Smith	janesmith@example.com	9/21/26
Jane Smith	janesmith@example.com	9/22/26
Jane Smith	janesmith@example.com	9/23/26
Jane Smith	janesmith@example.com	9/24/26
Jane Smith	janesmith@example.com	9/25/26
Jane Smith	janesmith@example.com	9/26/26
Jane Smith	janesmith@example.com	9/27/26
Jane Smith	janesmith@example.com	9/28/26
Jane Smith	janesmith@example.com	9/29/26
Jane Smith	janesmith@example.com	9/30/26
Jane Smith	janesmith@example.com	10/1/26
Jane Smith	janesmith@example.com	10/2/26
Jane Smith	janesmith@example.com	10/3/26
Jane Smith	janesmith@example.com	10/4/26
Jane Smith	janesmith@example.com	10/5/26
Jane Smith	janesmith@example.com	10/6/26
Jane Smith	janesmith@example.com	10/7/26
Jane Smith	janesmith@example.com	10/8/26
Jane Smith	janesmith@example.com	10/9/26
Jane Smith	janesmith@example.com	10/10/26
Jane Smith	janesmith@example.com	10/11/26
Jane Smith	janesmith@example.com	10/12/26
Jane Smith	janesmith@example.com	10/13/26
Jane Smith	janesmith@example.com	10/14/26
Jane Smith	janesmith@example.com	10/15/26
Jane Smith	janesmith@example.com	10/16/26
Jane Smith	janesmith@example.com	10/17/26
Jane Smith	janesmith@example.com	10/18/26
Jane Smith	janesmith@example.com	10/19/26
Jane Smith	janesmith@example.com	10/20/26
Jane Smith	janesmith@example.com	10/21/26
Jane Smith	janesmith@example.com	10/22/26
Jane Smith	janesmith@example.com	10/23/26
Jane Smith	janesmith@example.com	10/24/26
Jane Smith	janesmith@example.com	10/25/26
Jane Smith	janesmith@example.com	10/26/26
Jane Smith	janesmith@example.com	10/27/26
Jane Smith	janesmith@example.com	10/28/26
Jane Smith	janesmith@example.com	10/29/26
Jane Smith	janesmith@example.com	10/30/26
Jane Smith	janesmith@example.com	10/31/26
Jane Smith	janesmith@example.com	11/1/26
Jane Smith	janesmith@example.com	11/2/26
Jane Smith	janesmith@example.com	11/3/26
Jane Smith	janesmith@example.com	11/4/26
Jane Smith	janesmith@example.com	11/5/26
Jane Smith	janesmith@example.com	11/6/26
Jane Smith	janesmith@example.com	11/7/26
Jane Smith	janesmith@example.com	11/8/26
Jane Smith	janesmith@example.com	11/9/26
Jane Smith	janesmith@example.com	11/10/26
Jane Smith	janesmith@example.com	11/11/26
Jane Smith	janesmith@example.com	11/12/26
Jane Smith	janesmith@example.com	11/13/26
Jane Smith	janesmith@example.com	11/14/26
Jane Smith	janesmith@example.com	11/15/26
Jane Smith	janesmith@example.com	11/16/26
Jane Smith	janesmith@example.com	11/17/26
Jane Smith	janesmith@example.com	11/18/26
Jane Smith	janesmith@example.com	11/19/26
Jane Smith	janesmith@example.com	11/20/26
Jane Smith	janesmith@example.com	11/21/26
Jane Smith	janesmith@example.com	11/22/26
Jane Smith	janesmith@example.com	11/23/26
Jane Smith	janesmith@example.com	11/24/26
Jane Smith	janesmith@example.com	11/25/26
Jane Smith	janesmith@example.com	11/26/26
Jane Smith	janesmith@example.com	11/27/26
Jane Smith	janesmith@example.com	11/28/26
Jane Smith	janesmith@example.com	11/29/26
Jane Smith	janesmith@example.com	11/30/26
Jane Smith	janesmith@example.com	12/1/26
Jane Smith	janesmith@example.com	12/2/26
Jane Smith	janesmith@example.com	12/3/26
Jane Smith	janesmith@example.com	12/4/26
Jane Smith	janesmith@example.com	12/5/26
Jane Smith	janesmith@example.com	12/6/26
Jane Smith	janesmith@example.com	12/7/26
Jane Smith	janesmith@example.com	12/8/26
Jane Smith	janesmith@example.com	12/9/26
Jane Smith	janesmith@example.com	12/10/26
Jane Smith	janesmith@example.com	12/11/26
Jane Smith	janesmith@example.com	12/12/26
Jane Smith	janesmith@example.com	12/13/26
Jane Smith	janesmith@example.com	12/14/26
Jane Smith	janesmith@example.com	12/15/26
Jane Smith	janesmith@example.com	12/16/26
Jane Smith	janesmith@example.com	12/17/26
Jane Smith	janesmith@example.com	12/18/26
Jane Smith	janesmith@example.com	12/19/26
Jane Smith	janesmith@example.com	12/20/26
Jane Smith	janesmith@example.com	12/21/26
Jane Smith	janesmith@example.com	12/22/26
Jane Smith	janesmith@example.com	12/23/26
Jane Smith	janesmith@example.com	12/24/26
Jane Smith	janesmith@example.com	12/25/26
Jane Smith	janesmith@example.com	12/26/26
Jane Smith	janesmith@example.com	12/27/26
Jane Smith	janesmith@example.com	12/28/26
Jane Smith	janesmith@example.com	12/29/26
Jane Smith	janesmith@example.com	12/30/26
Jane Smith	janesmith@example.com	12/31/26
Jane Smith	janesmith@example.com	1/1/27
Jane Smith	janesmith@example.com	1/2/27
Jane Smith	janesmith@example.com	1/3/27
Jane Smith	janesmith@example.com	1/4/27
Jane Smith	janesmith@example.com	1/5/27
Jane Smith	janesmith@example.com	1/6/27
Jane Smith	janesmith@example.com	1/7/27
Jane Smith	janesmith@example.com	1/8/27
Jane Smith	janesmith@example.com	1/9/27
Jane Smith	janesmith@example.com	1/10/27
Jane Smith	janesmith@example.com	1/11/27
Jane Smith	janesmith@example.com	1/12/27
Jane Smith	janesmith@example.com	1/13/27
Jane Smith	janesmith@example.com	1/14/27
Jane Smith	janesmith@example.com	1/15/27
Jane Smith	janesmith@example.com	1/16/27
Jane Smith	janesmith@example.com	1/17/27
Jane Smith	janesmith@example.com	1/18/27
Jane Smith	janesmith@example.com	1/19/27
Jane Smith	janesmith@example.com	1/20/27
Jane Smith	janesmith@example.com	1/21/27
Jane Smith	janesmith@example.com	1/22/27
Jane Smith	janesmith@example.com	1/23/27
Jane Smith	janesmith@example.com	1/24/27
Jane Smith	janesmith@example.com	1/25/27
Jane Smith	janesmith@example.com	1/26/27
Jane Smith	janesmith@example.com	1/27/27
Jane Smith	janesmith@example.com	1/28/27
Jane Smith	janesmith@example.com	1/29/27
Jane Smith	janesmith@example.com	1/30/27
Jane Smith	janesmith@example.com	1/31/27
Jane Smith	janesmith@example.com	2/1/27
Jane Smith	janesmith@example.com	2/2/27
Jane Smith	janesmith@example.com	2/3/27
Jane Smith	janesmith@example.com	2/4/27
Jane Smith	janesmith@example.com	2/5/27
Jane Smith	janesmith@example.com	2/6/27
Jane Smith	janesmith@example.com	2/7/27
Jane Smith	janesmith@example.com	2/8/27
Jane Smith	janesmith@example.com	2/9/27
Jane Smith	janesmith@example.com	2/10/27
Jane Smith	janesmith@example.com	2/11/27
Jane Smith	janesmith@example.com	2/12/27
Jane Smith	janesmith@example.com	2/13/27
Jane Smith	janesmith@example.com	2/14/27
Jane Smith	janesmith@example.com	2/15/27
Jane Smith	janesmith@example.com	2/16/27
Jane Smith	janesmith@example.com	2/17/27
Jane Smith	janesmith@example.com	2/18/27
Jane Smith	janesmith@example.com	2/19/27
Jane Smith	janesmith@example.com	2/20/27
Jane Smith	janesmith@example.com	2/21/27
Jane Smith	janesmith@example.com	2/22/27
Jane Smith	janesmith@example.com	2/23/27
Jane Smith	janesmith@example.com	2/24/27
Jane Smith	janesmith@example.com	2/25/27
Jane Smith	janesmith@example.com	2/26/27
Jane Smith	janesmith@example.com	2/27/27
Jane Smith	janesmith@example.com	2/28/27
Jane Smith	janesmith@example.com	3/1/27
Jane Smith	janesmith@example.com	3/2/27
Jane Smith	janesmith@example.com	3/3/27
Jane Smith	janesmith@example.com	3/4/27
Jane Smith	janesmith@example.com	3/5/27
Jane Smith	janesmith@example.com	3/6/27
Jane Smith	janesmith@example.com	3/7/27
Jane Smith	janesmith@example.com	3/8/27
Jane Smith	janesmith@example.com	3/9/27
Jane Smith	janesmith@example.com	3/10/27
Jane Smith	janesmith@example.com	3/11/27
Jane Smith	janesmith@example.com	3/12/27
Jane Smith	janesmith@example.com	3/13/27
Jane Smith	janesmith@example.com	3/14/27
Jane Smith	janesmith@example.com	3/15/27
Jane Smith	janesmith@example.com	3/16/27
Jane Smith	janesmith@example.com	3/17/27
Jane Smith	janesmith@example.com	3/18/27
Jane Smith	janesmith@example.com	3/19/27
Jane Smith	janesmith@example.com	3/20/27
Jane Smith	janesmith@example.com	3/21/27
Jane Smith	janesmith@example.com	3/22/27
Jane Smith	janesmith@example.com	3/23/27
Jane Smith	janesmith@example.com	3/24/27
Jane Smith	janesmith@example.com	3/25/27
Jane Smith	janesmith@example.com	3/26/27
Jane Smith	janesmith@example.com	3/27/27
Jane Smith	janesmith@example.com	3/28/27
Jane Smith	janesmith@example.com	3/29/27
Jane Smith	janesmith@example.com	3/30/27
Jane Smith	janesmith@example.com	3/31/27
Jane Smith	janesmith@example.com	4/1/27
Jane Smith	janesmith@example.com	4/2/27
Jane Smith	janesmith@example.com	4/3/27
Jane Smith	janesmith@example.com	4/4/27
Jane Smith	janesmith@example.com	4/5/27
Jane Smith	janesmith@example.com	4/6/27
Jane Smith	janesmith@example.com	4/7/27
Jane Smith	janesmith@example.com	4/8/27
Jane Smith	janesmith@example.com	4/9/27
Jane Smith	janesmith@example.com	4/10/27
Jane Smith	janesmith@example.com	4/11/27
Jane Smith	janesmith@example.com	4/12/27
Jane Smith	janesmith@example.com	4/13/27
Jane Smith	janesmith@example.com	4/14/27
Jane Smith	janesmith@example.com	4/15/27
Jane Smith	janesmith@example.com	4/16/27
Jane Smith	janesmith@example.com	4/17/27
Jane Smith	janesmith@example.com	4/18/27
Jane Smith	janesmith@example.com	4/19/27
Jane Smith	janesmith@example.com	4/20/27
Jane Smith	janesmith@example.com	4/21/27
Jane Smith	janesmith@example.com	4/22/27
Jane Smith	janesmith@example.com	4/23/27
Jane Smith	janesmith@example.com	4/24/27
Jane Smith	janesmith@example.com	4/25/27
Jane Smith	janesmith@example.com	4/26/27
Jane Smith	janesmith@example.com	4/27/27
Jane Smith	janesmith@example.com	4/28/27
Jane Smith	janesmith@example.com	4/29/27
Jane Smith	janesmith@example.com	4/30/27
Jane Smith	janesmith@example.com	5/1/27
Jane Smith	janesmith@example.com	5/2/27
Jane Smith	janesmith@example.com	5/3/27
Jane Smith	janesmith@example.com	5/4/27
Jane Smith	janesmith@example.com	5/5/27
Jane Smith	janesmith@example.com	5/6/27
Jane Smith	janesmith@example.com	5/7/27
Jane Smith	janesmith@example.com	5/8/27
Jane Smith	janesmith@example.com	5/9/27
Jane Smith	janesmith@example.com	5/10/27
Jane Smith	janesmith@example.com	5/11/27
Jane Smith	janesmith@example.com	5/12/27
Jane Smith	janesmith@example.com	5/13/27
Jane Smith	janesmith@example.com	5/14/27
Jane Smith	janesmith@example.com	5/15/27
Jane Smith	janesmith@example.com	5/16/27
Jane Smith	janesmith@example.com	5/17/27
Jane Smith	janesmith@example.com	5/18/27
Jane Smith	janesmith@example.com	5/19/27
Jane Smith	janesmith@example.com	5/20/27
Jane Smith	janesmith@example.com	5/21/27
Jane Smith	janesmith@example.com	5/22/27
Jane Smith	janesmith@example.com	5/23/27
Jane Smith	janesmith@example.com	5/24/27
Jane Smith	janesmith@example.com	5/25/27
Jane Smith	janesmith@example.com	5/26/27
Jane Smith	janesmith@example.com	5/27/27
Jane Smith	janesmith@example.com	5/28/27
Jane Smith	janesmith@example.com	5/29/27
Jane Smith	janesmith@example.com	5/30/27
Jane Smith	janesmith@example.com	5/31/27
Jane Smith	janesmith@example.com	6/1/27
Jane Smith	janesmith@example.com	6/2/27
Jane Smith	janesmith@example.com	6/3/27
Jane Smith	janesmith@example.com	6/4/27
Jane Smith	janesmith@example.com	6/5/27
Jane Smith	janesmith@example.com	6/6/27
Jane Smith	janesmith@example.com	6/7/27
Jane Smith	janesmith@example.com	6/8/27
Jane Smith	janesmith@example.com	6/9/27
Jane Smith	janesmith@example.com	6/10/27
Jane Smith	janesmith@example.com	6/11/27
Jane Smith	janesmith@example.com	6/12/27
Jane Smith	janesmith@example.com	6/13/27
Jane Smith	janesmith@example.com	6/14/27
Jane Smith	janesmith@example.com	6/15/27
Jane Smith	janesmith@example.com	6/16/27
Jane Smith	janesmith@example.com	6/17/27
Jane Smith	janesmith@example.com	6/18/27
Jane Smith	janesmith@example.com	6/19/27
Jane Smith	janesmith@example.com	6/20/27
Jane Smith	janesmith@example.com	6/21/27
Jane Smith	janesmith@example.com	6/22/27
Jane Smith	janesmith@example.com	6/23/27
Jane Smith	janesmith@example.com	6/24/27
Jane Smith	janesmith@example.com	6/25/27
Jane Smith	janesmith@example.com	6/26/27
Jane Smith	janesmith@example.com	6/27/27
Jane Smith	janesmith@example.com	6/28/27
Jane Smith	janesmith@example.com	6/29/27
Jane Smith	janesmith@example.com	6/30/27
Jane Smith	janesmith@example.com	7/1/27
Jane Smith	janesmith@example.com	7/2/27
Jane Smith	janesmith@example.com	7/3/27
Jane Smith	janesmith@example.com	7/4/27
Jane Smith	janesmith@example.com	7/5/27
Jane Smith	janesmith@example.com	7/6/27
Jane Smith	janesmith@example.com	7/7/27
Jane Smith	janesmith@example.com	7/8/27
Jane Smith	janesmith@example.com	7/9/27
Jane Smith	janesmith@example.com	7/10/27
Jane Smith	janesmith@example.com	7/11/27
Jane Smith	janesmith@example.com	7/12/27
Jane Smith	janesmith@example.com	7/13/27
Jane Smith	janesmith@example.com	7/14/27
Jane Smith	janesmith@example.com	7/15/27
Jane Smith	janesmith@example.com	7/16/27
Jane Smith	janesmith@example.com	7/17/27
Jane Smith	janesmith@example.com	7/18/27
Jane Smith	janesmith@example.com	7/19/27
Jane Smith	janesmith@example.com	7/20/27
Jane Smith	janesmith@example.com	7/21/27
Jane Smith	janesmith@example.com	7/22/27
Jane Smith	janesmith@example.com	7/23/27
Jane Smith	janesmith@example.com	7/24/27
Jane Smith	janesmith@example.com	7/25/27
Jane Smith	janesmith@example.com	7/26/27
Jane Smith	janesmith@example.com	7/27/27
Jane Smith	janesmith@example.com	7/28/27
Jane Smith	janesmith@example.com	7/29/27
Jane Smith	janesmith@example.com	7/30/27
Jane Smith	janesmith@example.com	7/31/27
Jane Smith	janesmith@example.com	8/1/27
Jane Smith	janesmith@example.com	8/2/27
Jane Smith	janesmith@example.com	8/3/27
Jane Smith	janesmith@example.com	8/4/27
Jane Smith	janesmith@example.com	8/5/27
Jane Smith	janesmith@example.com	8/6/27
Jane Smith	janesmith@example.com	8/7/27
Jane Smith	janesmith@example.com	8/8/27
Jane Smith	janesmith@example.com	8/9/27
Jane Smith	janesmith@example.com	8/10/27
Jane Smith	janesmith@example.com	8/11/27
Jane Smith	janesmith@example.com	8/12/27
Jane Smith	janesmith@example.com	8/13/27
Jane Smith	janesmith@example.com	8/14/27
Jane Smith	janesmith@example.com	8/15/27
Jane Smith	janesmith@example.com	8/16/27
Jane Smith	janesmith@example.com	8/17/27
Jane Smith	janesmith@example.com	8/18/27
Jane Smith	janesmith@example.com	8/19/27
Jane Smith	janesmith@example.com	8/20/27
Jane Smith	janesmith@example.com	8/21/27
Jane Smith	janesmith@example.com	8/22/27
Jane Smith	janesmith@example.com	8/23/27
Jane Smith	janesmith@example.com	8/24/27
Jane Smith	janesmith@example.com	8/25/27
Jane Smith	janesmith@example.com	8/26/27
Jane Smith	janesmith@example.com	8/27/27
Jane Smith	janesmith@example.com	8/28/27
Jane Smith	janesmith@example.com	8/29/27
Jane Smith	janesmith@example.com	8/30/27
Jane Smith	janesmith@example.com	8/31/27
Jane Smith	janesmith@example.com	9/1/27
Jane Smith	janesmith@example.com	9/2/27
Jane Smith	janesmith@example.com	9/3/27
Jane Smith	janesmith@example.com	9/4/27
Jane Smith	janesmith@example.com	9/5/27
Jane Smith	janesmith@example.com	9/6/27
Jane Smith	janesmith@example.com	9/7/27
Jane Smith	janesmith@example.com	9/8/27
Jane Smith	janesmith@example.com	9/9/27
Jane Smith	janesmith@example.com	9/10/27
Jane Smith	janesmith@example.com	9/11/27
Jane Smith	janesmith@example.com	9/12/27
Jane Smith	janesmith@example.com	9/13/27
Jane Smith	janesmith@example.com	9/14/27
Jane Smith	janesmith@example.com	9/15/27
Jane Smith	janesmith@example.com	9/16/27
Jane Smith	janesmith@example.com	9/17/27
Jane Smith	janesmith@example.com	9/18/27
Jane Smith	janesmith@example.com	9/19/27
Jane Smith	janesmith@example.com	9/20/27
Jane Smith	janesmith@example.com	9/21/27
Jane Smith	janesmith@example.com	9/22/27
Jane Smith	janesmith@example.com	9/23/27
Jane Smith	janesmith@example.com	9/24/27
Jane Smith	janesmith@example.com	9/25/27
Jane Smith	janesmith@example.com	9/26/27
Jane Smith	janesmith@example.com	9/27/27
Jane Smith	janesmith@example.com	9/28/27
Jane Smith	janesmith@example.com	9/29/27
Jane Smith	janesmith@example.com	9/30/27
Jane Smith	janesmith@example.com	10/1/27
Jane Smith	janesmith@example.com	10/2/27
Jane Smith	janesmith@example.com	10/3/27
Jane Smith	janesmith@example.com	10/4/27
Jane Smith	janesmith@example.com	10/5/27
Jane Smith	janesmith@example.com	10/6/27
Jane Smith	janesmith@example.com	10/7/27
Jane Smith	janesmith@example.com	10/8/27
Jane Smith	janesmith@example.com	10/9/27
Jane Smith	janesmith@example.com	10/10/27
Jane Smith	janesmith@example.com	10/11/27
Jane Smith	janesmith@example.com	10/12/27
Jane Smith	janesmith@example.com	10/13/27
Jane Smith	janesmith@example.com	10/14/27
Jane Smith	janesmith@example.com	10/15/27
Jane Smith	janesmith@example.com	10/16/27
Jane Smith	janesmith@example.com	10/17/27
Jane Smith	janesmith@example.com	10/18/27
Jane Smith	janesmith@example.com	10/19/27
Jane Smith	janesmith@example.com	10/20/27
Jane Smith	janesmith@example.com	10/21/27
Jane Smith	janesmith@example.com	10/22/27
Jane Smith	janesmith@example.com	10/23/27
Jane Smith	janesmith@example.com	10/24/27
Jane Smith	janesmith@example.com	10/25/27
Jane Smith	janesmith@example.com	10/26/27
Jane Smith	janesmith@example.com	10/27/27
Jane Smith	janesmith@example.com	10/28/27
Jane Smith	janesmith@example.com	10/29/27
Jane Smith	janesmith@example.com	10/30/27
Jane Smith	janesmith@example.com	10/31/27
Jane Smith	janesmith@example.com	11/1/27
Jane Smith	janesmith@example.com	11/2/27
Jane Smith	janesmith@example.com	11/3/27
Jane Smith	janesmith@example.com	11/4/27
Jane Smith	janesmith@example.com	11/5/27
Jane Smith	janesmith@example.com	11/6/27
Jane Smith	janesmith@example.com	11/7/27
Jane Smith	janesmith@example.com	11/8/27
Jane Smith	janesmith@example.com	11/9/27
Jane Smith	janesmith@example.com	11/10/27
Jane Smith	janesmith@example.com	11/11/27
Jane Smith	janesmith@example.com	11/12/27
Jane Smith	janesmith@example.com	11/13/27
Jane Smith	janesmith@example.com	11/14/27
Jane Smith	janesmith@example.com	11/15/27
Jane Smith	janesmith@example.com	11/16/27
Jane Smith	janesmith@example.com	11/17/27
Jane Smith	janesmith@example.com	11/18/27
Jane Smith	janesmith@example.com	11/19/27
Jane Smith	janesmith@example.com	11/20/27
Jane Smith	janesmith@example.com	11/21/27
Jane Smith	janesmith@example.com	11/22/27
Jane Smith	janesmith@example.com	11/23/27
Jane Smith	janesmith@example.com	11/24/27
Jane Smith	janesmith@example.com	11/25/27
Jane Smith	janesmith@example.com	11/26/27
Jane Smith	janesmith@example.com	11/27/27
Jane Smith	janesmith@example.com	11/28/27
Jane Smith	janesmith@example.com	11/29/27
Jane Smith	janesmith@example.com	11/30/27
Jane Smith	janesmith@example.com	12/1/27
Jane Smith	janesmith@example.com	12/2/27
Jane Smith	janesmith@example.com	12/3/27
Jane Smith	janesmith@example.com	12/4/27
Jane Smith	janesmith@example.com	12/5/27
Jane Smith	janesmith@example.com	12/6/27
Jane Smith	janesmith@example.com	12/7/27
Jane Smith	janesmith@example.com	12/8/27
Jane Smith	janesmith@example.com	12/9/27
Jane Smith	janesmith@example.com	12/10/27
Jane Smith	janesmith@example.com	12/11/27
Jane Smith	janesmith@example.com	12/12/27
Jane Smith	janesmith@example.com	12/13/27
Jane Smith	janesmith@example.com	12/14/27
Jane Smith	janesmith@example.com	12/15/27
Jane Smith	janesmith@example.com	12/16/27
Jane Smith	janesmith@example.com	12/17/27
Jane Smith	janesmith@example.com	12/18/27
Jane Smith	janesmith@example.com	12/19/27
Jane Smith	janesmith@example.com	12/20/27
Jane Smith	janesmith@example.com	12/21/27
Jane Smith	janesmith@example.com	12/22/27
Jane Smith	janesmith@example.com	12/23/27
Jane Smith	janesmith@example.com	12/24/27
Jane Smith	janesmith@example.com	12/25/27
Jane Smith	janesmith@example.com	12/26/27
Jane Smith	janesmith@example.com	12/27/27
Jane Smith	janesmith@example.com	12/28/27
Jane Smith	janesmith@example.com	12/29/27
Jane Smith	janesmith@example.com	12/30/27
Jane Smith	janesmith@example.com	12/31/27
Jane Smith	janesmith@example.com	1/1/28
Jane Smith	janesmith@example.com	1/2/28
Jane Smith	janesmith@example.com	1/3/28
Jane Smith	janesmith@example.com	1/4/28
Jane Smith	janesmith@example.com	1/5/28
Jane Smith	janesmith@example.com	1/6/28
Jane Smith	janesmith@example.com	1/7/28
Jane Smith	janesmith@example.com	1/8/28
Jane Smith	janesmith@example.com	1/9/28
Jane Smith	janesmith@example.com	1/10/28
Jane Smith	janesmith@example.com	1/11/28
Jane Smith	janesmith@example.com	1/12/28
Jane Smith	janesmith@example.com	1/13/28
Jane Smith	janesmith@example.com	1/14/28
Jane Smith	janesmith@example.com	1/15/28
Jane Smith	janesmith@example.com	1/16/28
Jane Smith	janesmith@example.com	1/17/28
Jane Smith	janesmith@example.com	1/18/28
Jane Smith	janesmith@example.com	1/19/28
Jane Smith	janesmith@example.com	1/20/28
Jane Smith	janesmith@example.com	1/21/28
Jane Smith	janesmith@example.com	1/22/28
Jane Smith	janesmith@example.com	1/23/28
Jane Smith	janesmith@example.com	1/24/28
Jane Smith	janesmith@example.com	1/25/28
Jane Smith	janesmith@example.com	1/26/28
Jane Smith	janesmith@example.com	1/27/28
Jane Smith	janesmith@example.com	1/28/28
Jane Smith	janesmith@example.com	1/29/28
Jane Smith	janesmith@example.com	1/30/28
Jane Smith	janesmith@example.com	1/31/28
Jane Smith	janesmith@example.com	2/1/28
Jane Smith	janesmith@example.com	2/2/28
Jane Smith	janesmith@example.com	2/3/28
Jane Smith	janesmith@example.com	2/4/28
Jane Smith	janesmith@example.com	2/5/28
Jane Smith	janesmith@example.com	2/6/28
Jane Smith	janesmith@example.com	2/7/28
Jane Smith	janesmith@example.com	2/8/28
Jane Smith	janesmith@example.com	2/9/28
Jane Smith	janesmith@example.com	2/10/28
Jane Smith	janesmith@example.com	2/11/28
Jane Smith	janesmith@example.com	2/12/28
Jane Smith	janesmith@example.com	2/13/28
Jane Smith	janesmith@example.com	2/14/28
Jane Smith	janesmith@example.com	2/15/28
Jane Smith	janesmith@example.com	2/16/28
Jane Smith	janesmith@example.com	2/17/28
Jane Smith	janesmith@example.com	2/18/28
Jane Smith	janesmith@example.com	2/19/28
Jane Smith	janesmith@example.com	2/20/28
Jane Smith	janesmith@example.com	2/21/28
Jane Smith	janesmith@example.com	2/22/28
Jane Smith	janesmith@example.com	2/23/28
Jane Smith	janesmith@example.com	2/24/28
Jane Smith	janesmith@example.com	2/25/28
Jane Smith	janesmith@example.com	2/26/28
Jane Smith	janesmith@example.com	2/27/28
Jane Smith	janesmith@example.com	2/28/28
Jane Smith	janesmith@example.com	2/29/28
Jane Smith	janesmith@example.com	3/1/28
Jane Smith	janesmith@example.com	3/2/28
Jane Smith	janesmith@example.com	3/3/28
Jane Smith	janesmith@example.com	3/4/28
Jane Smith	janesmith@example.com	3/5/28
Jane Smith	janesmith@example.com	3/6/28
Jane Smith	janesmith@example.com	3/7/28
Jane Smith	janesmith@example.com	3/8/28
Jane Smith	janesmith@example.com	3/9/28
Jane Smith	janesmith@example.com	3/10/28
Jane Smith	janesmith@example.com	3/11/28
Jane Smith	janesmith@example.com	3/12/28
Jane Smith	janesmith@example.com	3/13/28
Jane Smith	janesmith@example.com	3/14/28
Jane Smith	janesmith@example.com	3/15/28
Jane Smith	janesmith@example.com	3/16/28
Jane Smith	janesmith@example.com	3/17/28
Jane Smith	janesmith@example.com	3/18/28
Jane Smith	janesmith@example.com	3/19/28
Jane Smith	janesmith@example.com	3/20/28
Jane Smith	janesmith@example.com	3/21/28
Jane Smith	janesmith@example.com	3/22/28
Jane Smith	janesmith@example.com	3/23/28
Jane Smith	janesmith@example.com	3/24/28
Jane Smith	janesmith@example.com	3/25/28
Jane Smith	janesmith@example.com	3/26/28
Jane Smith	janesmith@example.com	3/27/28
Jane Smith	janesmith@example.com	3/28/28
Jane Smith	janesmith@example.com	3/29/28
Jane Smith	janesmith@example.com	3/30/28
Jane Smith	janesmith@example.com	3/31/28
Jane Smith	janesmith@example.com	4/1/28
Jane Smith	janesmith@example.com	4/2/28
Jane Smith	janesmith@example.com	4/3/28
Jane Smith	janesmith@example.com	4/4/28
Jane Smith	janesmith@example.com	4/5/28
Jane Smith	janesmith@example.com	4/6/28
Jane Smith	janesmith@example.com	4/7/28
Jane Smith	janesmith@example.com	4/8/28
Jane Smith	janesmith@example.com	4/9/28
Jane Smith	janesmith@example.com	4/10/28
Jane Smith	janesmith@example.com	4/11/28
Jane Smith	janesmith@example.com	4/12/28
Jane Smith	janesmith@example.com	4/13/28
Jane Smith	janesmith@example.com	4/14/28
Jane Smith	janesmith@example.com	4/15/28
Jane Smith	janesmith@example.com	4/16/28
Jane Smith	janesmith@example.com	4/17/28
Jane Smith	janesmith@example.com	4/18/28
Jane Smith	janesmith@example.com	4/19/28
Jane Smith	janesmith@example.com	4/20/28
Jane Smith	janesmith@example.com	4/21/28
Jane Smith	janesmith@example.com	4/22/28
Jane Smith	janesmith@example.com	4/23/28
Jane Smith	janesmith@example.com	4/24/28
Jane Smith	janesmith@example.com	4/25/28
Jane Smith	janesmith@example.com	4/26/28
Jane Smith	janesmith@example.com	4/27/28
Jane Smith	janesmith@example.com	4/28/28
Jane Smith	janesmith@example.com	4/29/28
Jane Smith	janesmith@example.com	4/30/28
Jane Smith	janesmith@example.com	5/1/28
Jane Smith	janesmith@example.com	5/2/28
Jane Smith	janesmith@example.com	5/3/28
Jane Smith	janesmith@example.com	5/4/28
Jane Smith	janesmith@example.com	5/5/28
Jane Smith	janesmith@example.com	5/6/28
Jane Smith	janesmith@example.com	5/7/28
Jane Smith	janesmith@example.com	5/8/28
Jane Smith	janesmith@example.com	5/9/28
Jane Smith	janesmith@example.com	5/10/28
Jane Smith	janesmith@example.com	5/11/28
Jane Smith	janesmith@example.com	5/12/28
Jane Smith	janesmith@example.com	5/13/28
Jane Smith	janesmith@example.com	5/14/28
Jane Smith	janesmith@example.com	5/15/28
Jane Smith	janesmith@example.com	5/16/28
Jane Smith	janesmith@example.com	5/17/28
Jane Smith	janesmith@example.com	5/18/28
Jane Smith	janesmith@example.com	5/19/28
Jane Smith	janesmith@example.com	5/20/28
Jane Smith	janesmith@example.com	5/21/28
Jane Smith	janesmith@example.com	5/22/28
Jane Smith	janesmith@example.com	5/23/28
Jane Smith	janesmith@example.com	5/24/28
Jane Smith	janesmith@example.com	5/25/28
Jane Smith	janesmith@example.com	5/26/28
Jane Smith	janesmith@example.com	5/27/28
Jane Smith	janesmith@example.com	5/28/28
Jane Smith	janesmith@example.com	5/29/28
Jane Smith	janesmith@example.com	5/30/28
Jane Smith	janesmith@example.com	5/31/28
Jane Smith	janesmith@example.com	6/1/28
Jane Smith	janesmith@example.com	6/2/28
Jane Smith	janesmith@example.com	6/3/28
Jane Smith	janesmith@example.com	6/4/28
Jane Smith	janesmith@example.com	6/5/28
Jane Smith	janesmith@example.com	6/6/28
Jane Smith	janesmith@example.com	6/7/28
Jane Smith	janesmith@example.com	6/8/28
Jane Smith	janesmith@example.com	6/9/28
Jane Smith	janesmith@example.com	6/10/28
Jane Smith	janesmith@example.com	6/11/28
Jane Smith	janesmith@example.com	6/12/28
Jane Smith	janesmith@example.com	6/13/28
Jane Smith	janesmith@example.com	6/14/28
Jane Smith	janesmith@example.com	6/15/28
Jane Smith	janesmith@example.com	6/16/28
Jane Smith	janesmith@example.com	6/17/28
Jane Smith	janesmith@example.com	6/18/28
Jane Smith	janesmith@example.com	6/19/28
Jane Smith	janesmith@example.com	6/20/28
Jane Smith	janesmith@example.com	6/21/28
Jane Smith	janesmith@example.com	6/22/28
Jane Smith	janesmith@example.com	6/23/28
Jane Smith	janesmith@example.com	6/24/28
Jane Smith	janesmith@example.com	6/25/28
Jane Smith	janesmith@example.com	6/26/28
Jane Smith	janesmith@example.com	6/27/28
Jane Smith	janesmith@example.com	6/28/28
Jane Smith	janesmith@example.com	6/29/28
Jane Smith	janesmith@example.com	6/30/28
Jane Smith	janesmith@example.com	7/1/28
Jane Smith	janesmith@example.com	7/2/28
Jane Smith	janesmith@example.com	7/3/28
Jane Smith	janesmith@example.com	7/4/28
Jane Smith	janesmith@example.com	7/5/28
Jane Smith	janesmith@example.com	7/6/28
Jane Smith	janesmith@example.com	7/7/28
Jane Smith	janesmith@example.com	7/8/28
Jane Smith	janesmith@example.com	7/9/28
Jane Smith	janesmith@example.com	7/10/28
Jane Smith	janesmith@example.com	7/11/28
Jane Smith	janesmith@example.com	7/12/28
Jane Smith	janesmith@example.com	7/13/28
Jane Smith	janesmith@example.com	7/14/28
Jane Smith	janesmith@example.com	7/15/28
Jane Smith	janesmith@example.com	7/16/28
Jane Smith	janesmith@example.com	7/17/28
Jane Smith	janesmith@example.com	7/18/28
Jane Smith	janesmith@example.com	7/19/28
Jane Smith	janesmith@example.com	7/20/28
Jane Smith	janesmith@example.com	7/21/28
Jane Smith	janesmith@example.com	7/22/28
Jane Smith	janesmith@example.com	7/23/28
Jane Smith	janesmith@example.com	7/24/28
Jane Smith	janesmith@example.com	7/25/28
Jane Smith	janesmith@example.com	7/26/28
Jane Smith	janesmith@example.com	7/27/28
Jane Smith	janesmith@example.com	7/28/28
Jane Smith	janesmith@example.com	7/29/28
Jane Smith	janesmith@example.com	7/30/28
Jane Smith	janesmith@example.com	7/31/28
Jane Smith	janesmith@example.com	8/1/28
Jane Smith	janesmith@example.com	8/2/28
Jane Smith	janesmith@example.com	8/3/28
Jane Smith	janesmith@example.com	8/4/28
Jane Smith	janesmith@example.com	8/5/28
Jane Smith	janesmith@example.com	8/6/28
Jane Smith	janesmith@example.com	8/7/28
Jane Smith	janesmith@example.com	8/8/28
Jane Smith	janesmith@example.com	8/9/28
Jane Smith	janesmith@example.com	8/10/28
Jane Smith	janesmith@example.com	8/11/28
Jane Smith	janesmith@example.com	8/12/28
Jane Smith	janesmith@example.com	8/13/28
Jane Smith	janesmith@example.com	8/14/28
Jane Smith	janesmith@example.com	8/15/28
Jane Smith	janesmith@example.com	8/16/28
Jane Smith	janesmith@example.com	8/17/28
Jane Smith	janesmith@example.com	8/18/28
Jane Smith	janesmith@example.com	8/19/28
Jane Smith	janesmith@example.com	8/20/28
Jane Smith	janesmith@example.com	8/21/28
Jane Smith	janesmith@example.com	8/22/28
Jane Smith	janesmith@example.com	8/23/28
Jane Smith	janesmith@example.com	8/24/28
Jane Smith	janesmith@example.com	8/25/28
Jane Smith	janesmith@example.com	8/26/28
Jane Smith	janesmith@example.com	8/27/28
Jane Smith	janesmith@example.com	8/28/28
Jane Smith	janesmith@example.com	8/29/28
Jane Smith	janesmith@example.com	8/30/28
Jane Smith	janesmith@example.com	8/31/28
Jane Smith	janesmith@example.com	9/1/28
Jane Smith	janesmith@example.com	9/2/28
Jane Smith	janesmith@example.com	9/3/28
Jane Smith	janesmith@example.com	9/4/28
Jane Smith	janesmith@example.com	9/5/28
Jane Smith	janesmith@example.com	9/6/28
Jane Smith	janesmith@example.com	9/7/28
Jane Smith	janesmith@example.com	9/8/28
Jane Smith	janesmith@example.com	9/9/28
Jane Smith	janesmith@example.com	9/10/28
Jane Smith	janesmith@example.com	9/11/28
Jane Smith	janesmith@example.com	9/12/28
Jane Smith	janesmith@example.com	9/13/28
Jane Smith	janesmith@example.com	9/14/28
Jane Smith	janesmith@example.com	9/15/28
Jane Smith	janesmith@example.com	9/16/28
Jane Smith	janesmith@example.com	9/17/28
Jane Smith	janesmith@example.com	9/18/28
Jane Smith	janesmith@example.com	9/19/28
Jane Smith	janesmith@example.com	9/20/28
Jane Smith	janesmith@example.com	9/21/28
Jane Smith	janesmith@example.com	9/22/28
Jane Smith	janesmith@example.com	9/23/28
Jane Smith	janesmith@example.com	9/24/28
Jane Smith	janesmith@example.com	9/25/28
Jane Smith	janesmith@example.com	9/26/28
Jane Smith	janesmith@example.com	9/27/28
Jane Smith	janesmith@example.com	9/28/28
Jane Smith	janesmith@example.com	9/29/28
Jane Smith	janesmith@example.com	9/30/28
Jane Smith	janesmith@example.com	10/1/28
Jane Smith	janesmith@example.com	10/2/28
Jane Smith	janesmith@example.com	10/3/28
Jane Smith	janesmith@example.com	10/4/28
Jane Smith	janesmith@example.com	10/5/28
Jane Smith	janesmith@example.com	10/6/28
Jane Smith	janesmith@example.com	10/7/28
Jane Smith	janesmith@example.com	10/8/28
Jane Smith	janesmith@example.com	10/9/28
Jane Smith	janesmith@example.com	10/10/28
Jane Smith	janesmith@example.com	10/11/28
Jane Smith	janesmith@example.com	10/12/28
Jane Smith	janesmith@example.com	10/13/28
Jane Smith	janesmith@example.com	10/14/28
Jane Smith	janesmith@example.com	10/15/28
Jane Smith	janesmith@example.com	10/16/28
Jane Smith	janesmith@example.com	10/17/28
Jane Smith	janesmith@example.com	10/18/28
Jane Smith	janesmith@example.com	10/19/28
Jane Smith	janesmith@example.com	10/20/28
Jane Smith	janesmith@example.com	10/21/28
Jane Smith	janesmith@example.com	10/22/28
Jane Smith	janesmith@example.com	10/23/28
Jane Smith	janesmith@example.com	10/24/28
Jane Smith	janesmith@example.com	10/25/28
Jane Smith	janesmith@example.com	10/26/28
Jane Smith	janesmith@example.com	10/27/28
Jane Smith	janesmith@example.com	10/28/28
Jane Smith	janesmith@example.com	10/29/28
Jane Smith	janesmith@example.com	10/30/28
Jane Smith	janesmith@example.com	10/31/28
Jane Smith	janesmith@example.com	11/1/28
Jane Smith	janesmith@example.com	11/2/28
Jane Smith	janesmith@example.com	11/3/28